{"cameraMode":{"drawMode":0,"name":"Shaded","section":"Shading Mode"},"sceneLighting":true,"audioPlay":false,"sceneViewState":{"m_AlwaysRefresh":false,"showFog":true,"showSkybox":true,"showFlares":true,"showImageEffects":true,"showParticleSystems":true,"showVisualEffectGraphs":true,"m_FxEnabled":true},"in2DMode":false,"pivot":{"x":539.8270874023438,"y":-5.481101989746094,"z":188.35816955566407},"rotation":{"x":-0.002141369506716728,"y":-0.9977116584777832,"z":0.05573989078402519,"w":-0.038325242698192599},"size":173.9529571533203,"orthographic":false}